email,name,address,phone_number,password
romy@gmail.com,romy,"calabit 5, beer sheva",529856980,Rr123456
adaswdb.rglqbrxau@hsxnprl.loduda.org,Wayne,France,530878302,123456
adqdyqx.hrwbrvv@mvamwmt.dbhqhn.org,Kellie,USA,730322111,123456
aewiias.dwjopgnjtt@vxmmxewxe.cyfrye.net,Karla,Australia,481311354,123456
aglnlirf.aqacuueehu@ixgtfnvn.lzdune.com,Gloria,France,752855203,123456
ahxluvh.jmizmtkbx@xsriglyw.jhbqer.org,Kurt,Norway,145533768,123456
aimzuxq.vozwfelzk@zrdbooli.rwwmdf.org,Francisco,USA,115312825,123456
ajhnvhen.xmakrskj@mkciaztpz.dfjwra.com,Lana,Poland,986086951,123456
ajsnoqlg.bwfsvkcmrs@pshccfnv.nugpvj.org,Cheri,Germany,603838144,123456
ajtixpjv.kixrhqouh@ubtstnh.zffkkq.com,Rachel,USA,908785718,123456
